country,Area
Aruba,180
Africa Eastern and Southern,14845123.09
Afghanistan,652230
Africa Western and Central,9045773
Angola,1246700
Albania,27400
Andorra,470
Arab World,13100549
United Arab Emirates,71020
Argentina,2736690
Armenia,28470
American Samoa,200
Antigua and Barbuda,440
Australia,7692020
Austria,82520
Azerbaijan,82646
Burundi,25680
Belgium,30280
Benin,112760
Burkina Faso,273600
Bangladesh,130170
Bulgaria,108560
Bahrain,785
"Bahamas, The",10010
Bosnia and Herzegovina,51200
Belarus,202980
Belize,22810
Bermuda,54
Bolivia,1083300
Brazil,8358140
Barbados,430
Brunei Darussalam,5270
Bhutan,38140
Botswana,566730
Central African Republic,622980
Canada,8965590
Central Europe and the Baltics,1105004.93
Switzerland,39516.03
Channel Islands,
Chile,743532
China,9424702.9
Cote d'Ivoire,318000
Cameroon,472710
"Congo, Dem. Rep.",2267050
"Congo, Rep.",341500
Colombia,1109500
Comoros,1861
Cabo Verde,4030
Costa Rica,51060
Caribbean small states,404850
Cuba,103800
Curacao,444
Cayman Islands,240
Cyprus,9240
Czech Republic,77198.53
Germany,349390
Djibouti,23180
Dominica,750
Denmark,40000
Dominican Republic,48310
Algeria,2381741
East Asia & Pacific (excluding high income),16023227.7
Early-demographic dividend,33310653.27
East Asia & Pacific,24505909.6
Europe & Central Asia (excluding high income),22396530.6
Europe & Central Asia,27443748.82
Ecuador,248360
"Egypt, Arab Rep.",995450
Euro area,2679977.105
Eritrea,121040.829
Spain,499556.645
Estonia,42750
Ethiopia,1128571.265
European Union,3996449.167
Fragile and conflict affected situations,20452531.09
Finland,303940
Fiji,18270
France,547557
Faroe Islands,1366
"Micronesia, Fed. Sts.",700
Gabon,257670
United Kingdom,241930
Georgia,69490
Ghana,227533
Gibraltar,10
Guinea,245720
"Gambia, The",10120
Guinea-Bissau,28120
Equatorial Guinea,28050
Greece,128900
Grenada,340
Greenland,410450
Guatemala,107160
Guam,540
Guyana,196850
High income,35245959.12
"Hong Kong SAR, China",1050
Honduras,111890
Heavily indebted poor countries (HIPC),19394766.09
Croatia,55960
Haiti,27560
Hungary,91260
IBRD only,71067763.3
IDA & IBRD total,96094649.4
IDA total,25026886.09
IDA blend,4384620
Indonesia,1877519
IDA only,20642266.09
Isle of Man,570
India,2973190
Not classified,
Ireland,68890
"Iran, Islamic Rep.",1622500
Iraq,434128
Iceland,100830
Israel,21640
Italy,295717
Jamaica,10830
Jordan,88794
Japan,364500
Kazakhstan,2699700
Kenya,569140
Kyrgyz Republic,191800
Cambodia,176520
Kiribati,810
St. Kitts and Nevis,260
"Korea, Rep.",97600
Kuwait,17820
Latin America & Caribbean (excluding high income),18136660
Lao PDR,230800
Lebanon,10230
Liberia,96320
Libya,1759540
St. Lucia,610
Latin America & Caribbean,20038980
Least developed countries: UN classification,20398133.09
Low income,15734412.09
Liechtenstein,160
Sri Lanka,61860
Lower middle income,24841039.8
Low & middle income,93851817.4
Lesotho,30360
Late-demographic dividend,44561482.3
Lithuania,62620
Luxembourg,2574.46
Latvia,62230
"Macao SAR, China",32.9
St. Martin (French part),50
Morocco,446300
Monaco,2.027
Moldova,32884.6
Madagascar,581800
Maldives,300
Middle East & North Africa,11217108
Mexico,1943950
Marshall Islands,180
Middle income,78117405.3
North Macedonia,25220
Mali,1220190
Malta,320
Myanmar,652670
Middle East & North Africa (excluding high income),8634843
Montenegro,13450
Mongolia,1557506.803
Northern Mariana Islands,460
Mozambique,786380
Mauritania,1030700
Mauritius,2030
Malawi,94280
Malaysia,328550
North America,18113064
Namibia,823290
New Caledonia,18280
Niger,1266700
Nigeria,910770
Nicaragua,120340
Netherlands,33670
Norway,364285
Nepal,143350
Nauru,20
New Zealand,263310
OECD members,35508602.2
Oman,309500
Other small states,2031566
Pakistan,770880
Panama,74180
Peru,1280000
Philippines,298170
Palau,460
Papua New Guinea,452860
Poland,306130
Pre-demographic dividend,20308679.83
Puerto Rico,8870
"Korea, Dem. People's Rep.",120410
Portugal,91605.6
Paraguay,397300
West Bank and Gaza,6020
Pacific island small states,64150
Post-demographic dividend,31345271.1
French Polynesia,3471
Qatar,11490
Romania,230080
Russia,16376870
Rwanda,24670
South Asia,4770120
Saudi Arabia,2149690
Sudan,1868000
Senegal,192530
Singapore,718
Solomon Islands,27990
Sierra Leone,72180
El Salvador,20720
San Marino,60
Somalia,627340
Serbia,87460
Sub-Saharan Africa (excluding high income),23890436.09
South Sudan,631930
Sub-Saharan Africa,23890896.09
Small states,2500566
Sao Tome and Principe,960
Suriname,156000
Slovak Republic,48080
Slovenia,20136.4
Sweden,407283.532
Eswatini,17200
Sint Maarten (Dutch part),34
Seychelles,460
Syrian Arab Republic,183630
Turks and Caicos Islands,950
Chad,1259200
East Asia & Pacific (IDA & IBRD countries),15902637.7
Europe & Central Asia (IDA & IBRD countries),22988700.6
Togo,54390
Thailand,510890
Tajikistan,138790
Turkmenistan,469930
Latin America & the Caribbean (IDA & IBRD countries),19913472
Timor-Leste,14870
Middle East & North Africa (IDA & IBRD countries),8628823
Tonga,720
South Asia (IDA & IBRD),4770120
Sub-Saharan Africa (IDA & IBRD countries),23890896.09
Trinidad and Tobago,5130
Tunisia,155360
Turkiye,769630
Tuvalu,30
Tanzania,885800
Uganda,200520
Ukraine,579400
Upper middle income,53276365.5
Uruguay,175020
United States of America,9147420
Uzbekistan,440650
St. Vincent and the Grenadines,390
"Venezuela, RB",882050
British Virgin Islands,150
Virgin Islands (U.S.),350
Vietnam,313429
Vanuatu,12190
World,129979826.5
Samoa,2780
Kosovo,
"Yemen, Rep.",527970
South Africa,1213090
Zambia,743390
Zimbabwe,386850
